[
  {
    "name": "Grandpa Joe",
    "age": 78,
    "gender": "male",
    "status": "shelter",
    "description": "Needs assistance with walking",
    "lastSeenLocation": "Shanti Old Age Home, Pune",
    "contactNumber": "020-000000",
    "photo": "grandpa_joe.jpg"
  },
  {
    "name": "Aunty Lata",
    "age": 69,
    "gender": "female",
    "status": "shelter",
    "description": "Diabetic, requires regular checkup",
    "lastSeenLocation": "Seva Senior Care, Mumbai",
    "contactNumber": "022-111111",
    "photo": "aunty_lata.jpg"
  },
  {
    "name": "Little Rohan",
    "age": 8,
    "gender": "male",
    "status": "rescued",
    "description": "Found near bus stop, calm and safe",
    "lastSeenLocation": "Hope Children's Home, Delhi",
    "contactNumber": "011-222222",
    "photo": "little_rohan.jpg"
  }
]