[
  {
    "name": "Ravi Kumar",
    "age": "68",
    "gender": "male",
    "status": "shelter",
    "description": "Needs medical attention",
    "lastSeenLocation": "Old City Hospital, Hyderabad",
    "photoFileName": "ravi_kumar.jpg",
    "contactNumber": "9848012345",
    "address": "Old City, Hyderabad"
  },
  {
    "name": "Anaya Sharma",
    "age": "8",
    "gender": "female",
    "status": "missing",
    "description": "Lost during festival, wearing yellow dress",
    "lastSeenLocation": "MG Road, Pune",
    "photoFileName": "anaya_sharma.png",
    "contactNumber": "7700123456",
    "address": "Baner, Pune"
  },
  {
    "name": "Suresh Patil",
    "age": "72",
    "gender": "male",
    "status": "rescued",
    "description": "Found wandering, dehydrated",
    "lastSeenLocation": "Marine Drive, Mumbai",
    "photoFileName": "suresh_patil.jpg",
    "contactNumber": "9820012345",
    "address": "Colaba, Mumbai"
  },
  {
    "name": "Meera",
    "age": "5",
    "gender": "female",
    "status": "missing",
    "description": "Last seen near school, blue backpack",
    "lastSeenLocation": "Kolkata Central",
    "photoFileName": "meera.png",
    "contactNumber": "9000012345",
    "address": "Salt Lake, Kolkata"
  }
]