name,age,gender,status,description,lastSeenLocation,photoFileName,contactNumber,address
Ravi Kumar,68,male,shelter,Needs medical attention,"Old City Hospital, Hyderabad",ravi_kumar.jpg,9848012345,"Old City, Hyderabad"
Anaya Sharma,8,female,missing,"Lost during festival, wearing yellow dress","MG Road, Pune",anaya_sharma.png,7700123456,"Baner, Pune"
Suresh Patil,72,male,rescued,"Found wandering, dehydrated","Marine Drive, Mumbai",suresh_patil.jpg,9820012345,"Colaba, Mumbai"
Meera,5,female,missing,"Last seen near school, blue backpack",Kolkata Central,meera.png,9000012345,"Salt Lake, Kolkata"
